1	1	きみまん	2017/4/1 0:02:00
2	2	m?	2017/4/1 0:02:05
3	1	あい	2017/4/1 0:02:23
4	2	わん	2017/4/1 0:04:35
5	3	みく	2017/4/1 0:04:45
6	1	まぬす	2017/4/1 0:04:47
7	2	すよいよー！	2017/4/1 0:06:59
8	2	ええええ	2017/4/1 0:12:24
9	3	バカーー	2017/4/1 0:13:00
10	2	初音ミク	2017/4/1 0:15:16
11	3	いあ	2017/4/1 0:15:59
12	4	プリン	2017/4/1 0:19:02
13	4	あああああああああああああああ	2017/4/1 0:20:37
14	4	そいおお	2017/4/1 0:20:49
15	5	こわあ	2017/4/1 0:21:22
16	2	おく	2017/4/1 0:22:07
17	5	ないるな	2017/4/1 0:22:59
18	2	初音	2017/4/1 0:24:00
19	5	せがあ	2017/4/1 0:28:10
20	2	机？？	2017/4/1 0:28:50
21	5	！	2017/4/1 0:31:41
22	4	ゆっくり	2017/4/1 0:33:45
23	4	ひ外な	2017/4/1 0:38:27
24	5	あああ	2017/4/1 0:39:36
25	6	あ	2017/4/1 0:41:56
26	8	みく	2017/4/1 0:46:16
27	7	おー	2017/4/1 0:49:04
28	7	ゆっくり	2017/4/1 0:55:50
29	7	は？	2017/4/1 0:56:54
30	4	山ャ	2017/4/1 0:57:33
31	9	っけっと	2017/4/1 1:10:34
32	9	うぁ☆れオナ	2017/4/1 1:14:20
33	9	黒板	2017/4/1 1:15:22
34	9	ムマン	2017/4/1 1:17:10
35	9	ばきう	2017/4/1 1:21:16
36	10	あ	2017/4/1 1:34:18
37	10	ゆっくりしていってね	2017/4/1 1:43:14
38	12	ぶ	2017/4/1 1:49:23
39	11	おもんてってん	2017/4/1 1:51:22
40	12	ク?	2017/4/1 1:52:44
41	11	af動はf	2017/4/1 1:54:12
42	11	四次ぐ	2017/4/1 1:57:59
43	12	みく	2017/4/1 1:59:07
44	11	なてころ	2017/4/1 1:59:59
45	12	菅	2017/4/1 2:02:24
46	11	黒板	2017/4/1 2:11:30
47	8	あ	2017/4/1 2:14:24
48	8	ああ	2017/4/1 2:16:09
49	14	v！	2017/4/1 2:34:41
50	14	ゆっくりしていってね	2017/4/1 2:37:18
51	14	こいにこれ	2017/4/1 2:39:10
52	14	ゆみくり	2017/4/1 2:40:11
53	14	黒板	2017/4/1 2:42:13
54	15	あ	2017/4/1 2:46:09
55	15	みく	2017/4/1 2:47:29
56	15	く？	2017/4/1 2:49:10
57	14	机	2017/4/1 2:51:58
58	15	♂ちを	2017/4/1 2:54:17
59	15	うおみいうしまたいす	2017/4/1 2:57:44
60	15	あ	2017/4/1 3:00:52
61	16	はい	2017/4/1 3:01:11
62	16	あいうえ	2017/4/1 3:03:12
63	17	あおおおおおおおおおおおおおおおおおおおお	2017/4/1 3:11:14
64	16	ああ	2017/4/1 3:15:54
65	17	みり	2017/4/1 3:15:57
66	17	えめええい	2017/4/1 3:17:36
67	16	ｓ；ｊｒｙｓвｆｓｓｓｇｓｓ	2017/4/1 3:18:35
68	16	みく	2017/4/1 3:18:58
69	16	黒板	2017/4/1 3:23:36
70	13	こにこん	2017/4/1 3:24:42
71	16	ここにちにわ	2017/4/1 3:26:30
72	18	ゆっくり	2017/4/1 3:30:47
73	18	あ	2017/4/1 3:30:59
74	16	ちぎ	2017/4/1 3:32:44
75	18	おし	2017/4/1 3:33:57
76	16	初音ミカ	2017/4/1 3:37:05
77	18	ぬ	2017/4/1 3:38:30
78	13	あ	2017/4/1 3:39:57
79	13	いいえええー	2017/4/1 3:41:17
80	18	あーあよ	2017/4/1 3:47:06
81	16	あ	2017/4/1 3:56:49
82	19	ｗｗｗ	2017/4/1 3:59:35
83	20	ろい？	2017/4/1 4:00:13
84	19	黒板	2017/4/1 4:00:44
85	19	涼チ志ヒ=顔やにこわ	2017/4/1 4:01:01
86	19	まんだw	2017/4/1 4:05:06
87	19	わった	2017/4/1 4:08:52
88	19	黒板	2017/4/1 4:08:59
89	19	とに	2017/4/1 4:09:03
90	20	聞るごかなは	2017/4/1 4:09:25
91	19	ミク	2017/4/1 4:17:26
92	19	うああ	2017/4/1 4:17:57
93	19	初音ミク	2017/4/1 4:20:41
94	13	ぶ	2017/4/1 4:28:38
95	22	机	2017/4/1 4:32:20
96	22	してにくは	2017/4/1 4:35:29
97	22	あああああああ	2017/4/1 4:45:21
98	22	ああ	2017/4/1 4:49:45
99	21	みくみく	2017/4/1 4:54:12
100	22	プリン	2017/4/1 4:56:22
101	21	？～かこ	2017/4/1 4:57:32
102	22	→？	2017/4/1 5:04:13
103	23	ゆっくり	2017/4/1 5:06:16
104	23	おー	2017/4/1 5:10:25
105	21	はちゅね	2017/4/1 5:20:35
106	22	らんいえ	2017/4/1 5:21:34
107	24	ブャラルニルイw	2017/4/1 5:21:47
108	24	あ	2017/4/1 5:23:46
109	24	ぽル	2017/4/1 5:26:13
110	24	んかなかべげし.	2017/4/1 5:28:16
111	24	どくしくして	2017/4/1 5:28:35
112	24	ああああああ	2017/4/1 5:29:20
113	24	くみく	2017/4/1 5:32:36
114	25	みく	2017/4/1 5:36:51
115	25	しみま	2017/4/1 5:40:40
116	22	あ	2017/4/1 5:41:19
117	25	なの	2017/4/1 5:41:59
118	25	ゆっくり	2017/4/1 5:48:15
119	21	重ペ	2017/4/1 5:51:19
120	21	みくみく	2017/4/1 5:53:30
121	25	なにこか	2017/4/1 5:54:26
122	21	さん	2017/4/1 5:55:51
123	22	黒板	2017/4/1 5:57:18
124	21	てわじゃつぃ	2017/4/1 5:58:20
125	25	！？	2017/4/1 6:00:52
126	22	ゆっっり	2017/4/1 6:01:26
127	25	あああ	2017/4/1 6:04:55
128	26	ないないの	2017/4/1 6:13:25
129	26	せがあ	2017/4/1 6:14:37
130	26	なろにこー	2017/4/1 6:16:43
131	26	一ージラミルバルルバルイル↓	2017/4/1 6:16:55
132	21	われゆー	2017/4/1 6:22:09
133	26	どきとと	2017/4/1 6:25:09
134	26	いおお	2017/4/1 6:28:15
135	26	みく	2017/4/1 6:29:39
136	26	黒板	2017/4/1 6:31:42
137	26	あい	2017/4/1 6:31:49
138	22	なんなす	2017/4/1 6:51:18
139	22	これむりさよ	2017/4/1 6:53:52
140	27	みくみく	2017/4/1 6:56:09
141	27	へ	2017/4/1 7:12:20
142	27	まんすにまってける	2017/4/1 7:26:09
143	29	ぽｓ	2017/4/1 7:35:54
144	29	ゆっくりしていってね	2017/4/1 7:37:30
145	29	あああああ	2017/4/1 7:50:58
146	29	おいいんろ	2017/4/1 7:59:22
147	28	ゆっくり	2017/4/1 8:02:22
148	27	あ	2017/4/1 8:12:01
149	28	す	2017/4/1 8:14:17
150	30	みくみくみく	2017/4/1 8:22:01
151	30	ああああ	2017/4/1 8:32:14
152	28	ソント	2017/4/1 8:33:42
153	28	うわああああああああああああああああああ	2017/4/1 8:35:48
154	30	まん	2017/4/1 8:36:56
155	30	なぐらな	2017/4/1 8:39:15
156	28	えええ	2017/4/1 8:47:30
157	27	あ	2017/4/1 8:53:48
158	30	あー	2017/4/1 8:54:24
159	31	あ	2017/4/1 8:57:41
160	31	あ	2017/4/1 8:59:54
161	32	なにこか	2017/4/1 9:00:38
162	31	かいおいいいいお	2017/4/1 9:08:14
163	32	あ	2017/4/1 9:11:48
164	32	あ	2017/4/1 9:13:12
165	32	黒板	2017/4/1 9:13:35
166	31	なわいｋ・	2017/4/1 9:15:34
167	31	ゆっくり	2017/4/1 9:16:40
168	33	いおおお	2017/4/1 9:22:50
169	34	くみく	2017/4/1 9:25:11
170	34	ぼべがあ	2017/4/1 9:29:00
171	34	ねんどいない	2017/4/1 9:30:41
172	33	黒板	2017/4/1 9:33:20
173	27	くっ見	2017/4/1 9:33:55
174	33	じてるwwwwwww	2017/4/1 9:34:57
175	34	ててわいい	2017/4/1 9:35:30
176	34	うれっね	2017/4/1 9:36:49
177	34	鏡雀象んかろ	2017/4/1 9:37:33
178	35	ミクミク	2017/4/1 9:38:21
179	33	黒板	2017/4/1 9:39:56
180	36	クーイ	2017/4/1 9:40:18
181	36	みく	2017/4/1 9:42:35
182	33	はちゅは	2017/4/1 9:43:18
183	36	あ	2017/4/1 9:43:22
184	36	なにちちは	2017/4/1 9:44:14
185	36	↑	2017/4/1 9:44:53
186	35	＠a	2017/4/1 9:47:07
187	36	！？	2017/4/1 9:47:36
188	36	黒板	2017/4/1 9:49:34
189	36	らおｓらさ	2017/4/1 9:49:34
190	36	みく	2017/4/1 9:50:27
191	37	黒板	2017/4/1 9:57:48
192	37	ははふはは	2017/4/1 9:58:45
193	37	あ	2017/4/1 10:00:46
194	33	みく	2017/4/1 10:02:11
195	35	こんにてわさん	2017/4/1 10:03:18
196	35	クトト	2017/4/1 10:04:03
197	33	おい	2017/4/1 10:04:43
198	37	こがこばこれ	2017/4/1 10:05:04
199	37	プカー	2017/4/1 10:05:36
200	38	え	2017/4/1 10:07:10
201	37	みこ	2017/4/1 10:08:16
202	33	あ	2017/4/1 10:09:05
203	38	なにふ	2017/4/1 10:15:56
204	39	なわどこば、こけーな、なんだには	2017/4/1 10:21:41
205	38	おおおおおお	2017/4/1 10:24:11
206	41	みくみく	2017/4/1 10:25:13
207	40	らとらさ	2017/4/1 10:25:50
208	40	あああ	2017/4/1 10:27:03
209	41	ｗｗｗｗｗｗ	2017/4/1 10:27:45
210	40	ルス	2017/4/1 10:32:34
211	40	みくみく	2017/4/1 10:40:22
212	39	ご	2017/4/1 10:54:58
213	39	くそぱいん	2017/4/1 11:15:53
214	39	マ1	2017/4/1 11:20:14
215	41	んうやったー	2017/4/1 11:24:40
216	42	バカ	2017/4/1 11:28:39
217	40	ミク	2017/4/1 11:32:42
218	42	かかかな	2017/4/1 11:32:45
219	40	わあああああ	2017/4/1 11:34:36
220	42	かまこかだ	2017/4/1 11:35:29
221	42	はちゅね	2017/4/1 11:36:16
222	42	黒板	2017/4/1 11:36:37
223	40	なんよーんかた	2017/4/1 11:38:10
224	42	涼ｈhAa	2017/4/1 11:39:05
225	42	い	2017/4/1 11:47:01
226	42	は	2017/4/1 11:50:27
227	42	？	2017/4/1 11:53:08
228	40	ゴリン	2017/4/1 12:09:44
229	40	いっと	2017/4/1 12:18:04
230	43	そべつなおおお	2017/4/1 12:41:44
231	40	あ	2017/4/1 12:45:00
232	43	すーー？	2017/4/1 12:55:45
233	44	おおおおおおおおおおおおおおおおおおおおおおお	2017/4/1 12:58:52
234	44	ああ	2017/4/1 13:02:10
235	44	なんはっは	2017/4/1 13:04:51
236	43	ううな	2017/4/1 13:14:10
237	45	ぇどえてしてすめにた↑なよ	2017/4/1 13:16:08
238	45	みす	2017/4/1 13:17:22
239	45	黒板	2017/4/1 13:17:28
240	44	あ	2017/4/1 13:21:53
241	44	プクス	2017/4/1 13:23:58
242	44	こえ	2017/4/1 13:26:26
243	43	だれだ断ン	2017/4/1 13:28:33
244	44	「んなろ	2017/4/1 13:29:02
245	43	あ	2017/4/1 13:31:21
246	45	へごき	2017/4/1 13:31:57
247	45	こうあけ	2017/4/1 13:35:12
248	46	らん	2017/4/1 13:40:52
249	46	あ	2017/4/1 13:41:36
250	46	　きU	2017/4/1 13:42:16
251	45	んん？	2017/4/1 13:42:28
252	46	あ	2017/4/1 13:44:05
253	46	しょじょく	2017/4/1 13:50:38
254	46	a！	2017/4/1 13:53:57
255	46	あ	2017/4/1 13:54:51
256	48	あ	2017/4/1 13:55:59
257	48	ああああ	2017/4/1 14:03:37
258	43	？？	2017/4/1 14:09:22
259	47	はろー	2017/4/1 14:22:11
260	47	ゆっくりしてっていってね	2017/4/1 14:29:17
261	43	みく	2017/4/1 14:43:43
262	49	あ	2017/4/1 15:03:03
263	47	わ	2017/4/1 15:09:57
264	47	天ぽぬにだるれｗ？ｗｗｗｗ	2017/4/1 15:23:39
265	49	わん	2017/4/1 15:24:59
266	47	みく	2017/4/1 15:36:06
267	49	お	2017/4/1 15:44:32
268	49	みくみくみくみく	2017/4/1 16:17:38
269	49	さ	2017/4/1 16:23:06
270	47	落こやがあｗｗｗｗｗｗｗｗｗ	2017/4/1 16:37:35
271	50	かい	2017/4/1 16:42:29
272	51	ルリン	2017/4/1 16:42:54
273	51	しょる	2017/4/1 16:44:09
274	51	おら・ン	2017/4/1 16:48:07
275	51	肉	2017/4/1 16:50:53
276	51	あ	2017/4/1 16:51:17
277	51	黒板	2017/4/1 16:54:27
278	53	声いお	2017/4/1 16:55:23
279	52	これた	2017/4/1 16:59:47
280	54	鏡音	2017/4/1 17:06:31
281	54	ゆっっりぎね	2017/4/1 17:06:51
282	53	し曜画	2017/4/1 17:06:52
283	53	だあさー	2017/4/1 17:06:56
284	54	だが断る	2017/4/1 17:09:58
285	54	だのがバー	2017/4/1 17:12:09
286	50	くみ☆	2017/4/1 17:12:48
287	53	あ	2017/4/1 17:14:21
288	54	ええ	2017/4/1 17:16:21
289	54	四夜元	2017/4/1 17:16:43
290	53	うお	2017/4/1 17:21:29
291	54	四次元	2017/4/1 17:21:56
292	53	なん	2017/4/1 17:24:16
293	50	гク	2017/4/1 17:29:39
294	56	だが断る	2017/4/1 17:34:20
295	56	みく	2017/4/1 17:34:52
296	50	？？	2017/4/1 17:48:19
297	55	ああ	2017/4/1 17:51:44
298	57	みくーー	2017/4/1 17:56:40
299	57	だが断断る	2017/4/1 17:57:56
300	57	わああ	2017/4/1 17:59:21
301	57	みくみつ	2017/4/1 18:00:50
302	57	えええええ	2017/4/1 18:01:53
303	57	ねマンwww	2017/4/1 18:07:14
304	57	？	2017/4/1 18:08:16
305	57	！？ま！	2017/4/1 18:13:33
306	55	あ	2017/4/1 18:14:49
307	58	ど見もわ	2017/4/1 18:15:50
308	56	まん	2017/4/1 18:19:48
309	58	いいい	2017/4/1 18:22:30
310	58	う	2017/4/1 18:22:37
311	58	あ	2017/4/1 18:23:08
312	58	ゆっくり	2017/4/1 18:28:24
313	58	無mル??	2017/4/1 18:29:23
314	59	こん	2017/4/1 18:48:04
315	55	おいー	2017/4/1 18:52:53
316	59	あ	2017/4/1 18:55:46
317	55	黒板	2017/4/1 19:02:33
318	59	え	2017/4/1 19:06:32
319	59	こ	2017/4/1 19:17:39
320	59	あ	2017/4/1 19:23:22
321	55	おは	2017/4/1 19:37:40
322	56	ゆっくり	2017/4/1 19:41:51
323	60	おおおお	2017/4/1 19:50:36
324	62	おいゆってれみていう！	2017/4/1 19:55:05
325	62	ミラみし	2017/4/1 19:59:07
326	61	つるけね	2017/4/1 20:00:28
327	62	む	2017/4/1 20:01:45
328	61	もこらだ	2017/4/1 20:06:49
329	62	どい	2017/4/1 20:10:53
330	63	いうう	2017/4/1 20:11:25
331	62	ね？	2017/4/1 20:11:46
332	62	う	2017/4/1 20:11:53
333	60	まろ	2017/4/1 20:12:28
334	62	ゆないつかな	2017/4/1 20:13:04
335	62	あううぇついん	2017/4/1 20:14:56
336	63	ｋｊｊaｋGｋｋ	2017/4/1 20:16:46
337	64	う	2017/4/1 20:18:32
338	64	みく	2017/4/1 20:18:38
339	64	あ	2017/4/1 20:19:01
340	64	きるすし	2017/4/1 20:20:30
341	63	らおｓらさ	2017/4/1 20:24:23
342	64	なんバ分	2017/4/1 20:26:33
343	64	はにだ	2017/4/1 20:29:23
344	63	くー	2017/4/1 20:29:57
345	64	お	2017/4/1 20:29:59
346	63	オリス	2017/4/1 20:30:16
347	63	ああああああああああああああああああ	2017/4/1 20:30:30
348	63	あ	2017/4/1 20:30:45
349	65	黒板	2017/4/1 20:33:49
350	65	はよーた	2017/4/1 20:36:10
351	65	ミク	2017/4/1 20:37:54
352	66	四次ｃｆじがUｱｊ	2017/4/1 20:43:37
353	65	おー	2017/4/1 20:44:26
354	67	へんか	2017/4/1 20:48:58
355	66	あ	2017/4/1 20:49:16
356	66	プリン	2017/4/1 20:52:35
357	66	ゆっくり	2017/4/1 20:54:34
358	67	みく	2017/4/1 20:56:03
359	66	ゆっくりしていってね	2017/4/1 20:56:27
360	67	ゆっくり	2017/4/1 21:00:10
361	67	！？	2017/4/1 21:02:22
362	68	クカ	2017/4/1 21:04:36
363	68	いいい	2017/4/1 21:15:05
364	67	こんにちは	2017/4/1 21:22:53
365	67	あ	2017/4/1 21:42:16
366	69	え	2017/4/1 21:45:26
367	69	あいうえお	2017/4/1 21:45:54
368	68	みく	2017/4/1 21:47:24
369	69	いわ	2017/4/1 21:57:41
370	68	てこに	2017/4/1 21:58:13
371	69	ルカ	2017/4/1 21:59:45
372	69	はちゅね	2017/4/1 22:09:02
373	70	あああああい	2017/4/1 22:10:56
374	69	きた	2017/4/1 22:11:21
375	72	ゆっくりしすしなっゃれ	2017/4/1 22:17:11
376	72	あ	2017/4/1 22:18:40
377	72	だが断る	2017/4/1 22:18:59
378	72	ゆっくー	2017/4/1 22:21:53
379	72	どうれ	2017/4/1 22:23:54
380	72	ににわ	2017/4/1 22:26:31
381	72	ぃぞ	2017/4/1 22:32:30
382	72	バカ	2017/4/1 22:32:31
383	73	ゆっくり	2017/4/1 22:35:43
384	74	よおおおお	2017/4/1 22:41:49
385	71	あ	2017/4/1 22:43:04
386	74	う	2017/4/1 23:00:20
387	74	す	2017/4/1 23:00:40
388	75	黒板	2017/4/1 23:05:04
389	71	くいおくら	2017/4/1 23:06:42
390	71	ちょい	2017/4/1 23:06:45
391	71	なわない	2017/4/1 23:07:49
392	75	くんだくん	2017/4/1 23:08:46
393	75	みく	2017/4/1 23:13:52
394	75	カ2i	2017/4/1 23:15:45
395	75	あぱ	2017/4/1 23:16:44
396	75	あー	2017/4/1 23:21:53
397	75	すり聞ってすまらすのだ・せむじきつくういききすりきほんひぃきむほくんだくちくいいないしな	2017/4/1 23:25:11
398	75	だが断る	2017/4/1 23:29:37
399	73	黒板	2017/4/1 23:32:54
400	76	黒板	2017/4/1 23:38:58
401	77	さいさいいん	2017/4/1 23:43:07
402	76	ゆっくりゆってってれ	2017/4/1 23:51:58
403	73	青ー？	2017/4/1 23:57:13
404	73	ミクみー	2017/4/2 0:01:35
405	77	うほwwwwww	2017/4/2 0:01:40
406	77	黒板	2017/4/2 0:07:08
407	77	くう	2017/4/2 0:08:45
408	73	ああああああ	2017/4/2 0:25:48
409	76	みすえ	2017/4/2 0:51:06
410	76	こんちゅれ	2017/4/2 0:57:41
411	76	あ	2017/4/2 1:14:13
412	77	あいんーーーーーーー	2017/4/2 1:22:27
413	77	チャム?	2017/4/2 1:31:51
414	79	DV者卯k駄ヒスみコー ッ	2017/4/2 1:36:45
415	79	？	2017/4/2 1:37:19
416	79	ちょっば	2017/4/2 1:38:12
417	76	みく	2017/4/2 1:42:21
418	79	だが断る	2017/4/2 1:44:43
419	79	あ	2017/4/2 1:45:51
420	79	がことこれつ！	2017/4/2 1:45:53
421	79	し曜画	2017/4/2 1:46:01
422	80	はっゅね	2017/4/2 1:46:38
423	79	こぐら	2017/4/2 1:48:10
424	80	！？	2017/4/2 1:50:01
425	80	だれだ断ン	2017/4/2 1:54:57
426	81	ま「	2017/4/2 1:57:33
427	80	！	2017/4/2 1:58:15
428	80	みくみく	2017/4/2 1:58:32
429	80	わｗｗｗｗ	2017/4/2 2:02:49
430	80	ままい	2017/4/2 2:03:28
431	80	かあろ	2017/4/2 2:04:00
432	78	wよ	2017/4/2 2:06:26
433	82	オは	2017/4/2 2:12:06
434	82	みく	2017/4/2 2:12:28
435	82	テュ	2017/4/2 2:13:11
436	82	こぞた	2017/4/2 2:14:58
437	82	プゃやるw	2017/4/2 2:17:21
438	82	ないんか	2017/4/2 2:19:49
439	81	にり	2017/4/2 2:23:45
440	81	ちてといみしていね？	2017/4/2 2:26:09
441	83	あいうえお	2017/4/2 2:27:22
442	83	t1アチアア	2017/4/2 2:40:00
443	78	あこあかこ	2017/4/2 2:48:52
444	84	ああああああああああああああああああああああああああああああああああああ	2017/4/2 2:52:59
445	84	まんん？	2017/4/2 2:54:29
446	84	ゆこると	2017/4/2 2:59:45
447	78	だこれのスかななｗｗｗｗ	2017/4/2 3:00:04
448	84	ｋｊｊaｋGｋｋ	2017/4/2 3:00:21
449	84	みく	2017/4/2 3:02:47
450	83	黒板	2017/4/2 3:03:29
451	84	さかまーきう	2017/4/2 3:04:54
452	84	長	2017/4/2 3:04:59
453	84	遠いいw	2017/4/2 3:05:21
454	84	あ	2017/4/2 3:08:20
455	84	オリオラ	2017/4/2 3:10:24
456	84	はーごね	2017/4/2 3:17:54
457	85	ああ	2017/4/2 3:25:31
458	83	初音ミク	2017/4/2 3:33:31
459	78	どいうい	2017/4/2 3:54:03
460	83	だに断は	2017/4/2 4:24:34
461	86	だーイ	2017/4/2 4:32:17
462	85	黒板	2017/4/2 4:36:36
463	86	あ	2017/4/2 4:37:31
464	86	え	2017/4/2 4:40:38
465	86	?トマー	2017/4/2 4:47:09
466	86	ここにち	2017/4/2 4:52:13
467	86	2ch	2017/4/2 4:58:21
468	85	あ	2017/4/2 5:04:04
469	86	オラオン	2017/4/2 5:04:31
470	86	きーー	2017/4/2 5:10:39
471	86	黒板	2017/4/2 5:11:01
472	85	プリン	2017/4/2 5:11:05
473	85	しもしているわ　くめえか	2017/4/2 5:14:03
474	86	ごんね	2017/4/2 5:19:32
475	85	まもいい	2017/4/2 5:25:14
476	85	はむじゅう	2017/4/2 5:40:55
477	87	チャ	2017/4/2 5:42:18
478	87	いれいど	2017/4/2 5:49:03
479	87	みくる	2017/4/2 5:49:04
480	88	えええ	2017/4/2 6:06:29
481	88	だｙ断る	2017/4/2 6:12:25
482	89	クース	2017/4/2 6:13:27
483	90	あいおうおし	2017/4/2 6:34:09
484	90	れ	2017/4/2 6:42:54
485	90	なんかにわっす。	2017/4/2 6:47:07
486	90	四次ぐ	2017/4/2 6:57:46
487	90	どじゃ	2017/4/2 7:05:46
488	90	流石兄弟	2017/4/2 7:15:02
489	89	落こやがあｗｗｗｗｗｗｗｗｗ	2017/4/2 7:31:23
490	91	せがあ	2017/4/2 7:34:58
491	91	ゆっくり	2017/4/2 7:42:21
492	88	頑画4説 弟ｧジ駄右イプバザ	2017/4/2 7:49:27
493	91	し	2017/4/2 7:50:02
494	91	あああ	2017/4/2 7:56:28
495	91	？	2017/4/2 8:03:15
496	91	はんはみがく	2017/4/2 8:11:06
497	91	みっくっくみくみくみくみくみくみくみくみく	2017/4/2 8:11:58
498	91	てわじゃつぃ	2017/4/2 8:12:44
499	91	きとすむ	2017/4/2 8:12:54
500	93	しみま	2017/4/2 8:29:29
501	88	黒板	2017/4/2 8:29:35
502	93	どい	2017/4/2 8:31:39
503	94	ゆっくりみくみく	2017/4/2 8:38:28
504	93	はａａ↓	2017/4/2 8:39:29
505	94	プナ	2017/4/2 8:42:06
506	92	こまちょうお	2017/4/2 8:42:35
507	93	あいーー	2017/4/2 8:42:43
508	93	あ	2017/4/2 8:44:04
509	92	あ	2017/4/2 8:57:15
510	95	ほぎたやみた	2017/4/2 9:00:19
511	95	いろ	2017/4/2 9:01:22
512	95	だが断る	2017/4/2 9:05:04
513	95	みく	2017/4/2 9:05:21
514	95	いをい	2017/4/2 9:11:57
515	95	無а0A	2017/4/2 9:12:15
516	95	流石兄弟	2017/4/2 9:16:51
517	94	だたしいっていんだならよよ	2017/4/2 9:29:24
518	94	まわｗｗ	2017/4/2 9:34:36
519	96	おそなよね	2017/4/2 9:38:23
520	92	ゆっくり	2017/4/2 9:44:21
521	96	へごき	2017/4/2 9:50:03
522	94	つらたい	2017/4/2 9:56:33
523	92	黒板	2017/4/2 9:58:56
524	94	は	2017/4/2 10:00:07
525	96	いあ	2017/4/2 10:16:17
526	97	ゆっくりいいいよ	2017/4/2 10:20:38
527	92	ねうけん・	2017/4/2 10:29:05
528	97	ミク	2017/4/2 10:29:15
529	97	黒板	2017/4/2 10:30:01
530	97	すす	2017/4/2 10:30:21
531	97	G次元	2017/4/2 10:32:01
532	92	プグプ	2017/4/2 10:40:22
533	94	あああ	2017/4/2 10:45:13
534	92	ゆっくり	2017/4/2 10:49:57
535	99	みくみくみく	2017/4/2 10:50:23
536	98	ゆんちてね	2017/4/2 10:51:43
537	98	はちじは	2017/4/2 10:54:35
538	99	みくみく	2017/4/2 10:58:27
539	99	れいし	2017/4/2 10:58:37
540	99	めうたまい	2017/4/2 10:59:16
541	99	「んなろ	2017/4/2 11:03:29
542	99	みみく	2017/4/2 11:05:10
543	99	v！	2017/4/2 11:07:19
544	94	ゆっくりしていってねト	2017/4/2 11:13:25
545	100	おし	2017/4/2 11:17:11
546	100	あか	2017/4/2 11:17:42
547	100	え？	2017/4/2 11:18:15
548	100	黒板	2017/4/2 11:20:14
549	98	あああ	2017/4/2 11:22:14
550	100	えまなん	2017/4/2 11:22:24
551	98	いいえええー	2017/4/2 11:25:13
552	100	ぽル	2017/4/2 11:27:27
553	100	？？ーーーーーーー	2017/4/2 11:28:20
554	101	ゆっくりしていってね	2017/4/2 11:30:29
555	100	どくしくして	2017/4/2 11:32:08
556	98	黒板	2017/4/2 11:33:08
557	101	かわ	2017/4/2 11:39:52
558	101	ゆっくり	2017/4/2 11:40:51
559	102	へてみく	2017/4/2 11:41:53
560	102	おーお	2017/4/2 11:42:03
561	103	みっくろw	2017/4/2 11:44:00
562	102	黒板	2017/4/2 11:44:19
563	101	。ゃなと	2017/4/2 11:45:41
564	103	どうどっなー	2017/4/2 11:47:39
565	102	こ	2017/4/2 11:54:26
566	102	ん	2017/4/2 11:56:44
567	102	な	2017/4/2 11:57:16
568	102	ああ	2017/4/2 11:58:22
569	101	四次元	2017/4/2 12:08:22
570	101	テラ7ー	2017/4/2 12:09:53
571	101	あ	2017/4/2 12:14:59
572	105	ぴれらたす	2017/4/2 12:15:12
573	104	げ！…	2017/4/2 12:19:44
574	104	はイレン	2017/4/2 12:24:43
575	101	おおおおおお	2017/4/2 12:26:10
576	105	うやぁえ	2017/4/2 12:26:19
577	106	あいうえおいいくしい	2017/4/2 12:33:01
578	106	あ	2017/4/2 12:33:37
579	105	いう	2017/4/2 12:41:51
580	106	はは	2017/4/2 12:43:15
581	106	テニダー	2017/4/2 12:44:40
582	107	こにこれ	2017/4/2 13:06:54
583	105	aeoa？	2017/4/2 13:23:39
584	105	ロラ7d	2017/4/2 13:34:53
585	104	みく	2017/4/2 13:46:35
586	107	ww	2017/4/2 13:47:28
587	104	こわこはちほのすよ	2017/4/2 13:56:06
588	107	てないよ	2017/4/2 13:58:36
589	105	す通ね	2017/4/2 13:59:50
590	108	ミク	2017/4/2 14:08:33
591	108	ミク	2017/4/2 14:31:51
592	107	ゆっくりには	2017/4/2 14:34:25
593	108	おうう	2017/4/2 14:50:28
594	108	は	2017/4/2 14:58:53
595	109	ぬ	2017/4/2 14:59:03
596	108	プゃやるw	2017/4/2 15:02:06
597	110	プ.ク	2017/4/2 15:09:44
598	109	みっくろw	2017/4/2 15:11:23
599	110	鏡音	2017/4/2 15:15:28
600	111	みく	2017/4/2 15:26:05
601	111	にり	2017/4/2 15:26:35
602	107	すき	2017/4/2 15:27:09
603	107	くんわってけ	2017/4/2 15:29:50
604	109	aeoa？	2017/4/2 15:35:14
605	111	あ	2017/4/2 15:39:19
606	111	あ	2017/4/2 15:41:43
607	111	はちラ	2017/4/2 15:45:30
608	111	ゆっくりしていってね！	2017/4/2 15:45:46
609	113	う	2017/4/2 15:51:29
610	112	ああああああああああ	2017/4/2 15:55:40
611	109	らわw	2017/4/2 15:59:12
612	113	はは	2017/4/2 15:59:23
613	113	あ	2017/4/2 16:04:43
614	112	ｗｗｗ	2017/4/2 16:13:58
615	114	え	2017/4/2 16:18:07
616	115	あいうえお	2017/4/2 16:20:05
617	109	ゆっくり	2017/4/2 16:22:02
618	114	にふへ	2017/4/2 16:24:09
619	115	こんこれいしぃゃるでらい	2017/4/2 16:27:02
620	115	コi^ィh	2017/4/2 16:31:23
621	114	あとこ	2017/4/2 16:33:36
622	114	ありは	2017/4/2 16:34:22
623	114	あはこわ	2017/4/2 16:36:53
624	114	？	2017/4/2 16:42:18
625	114	こんだがとった	2017/4/2 16:43:02
626	114	いいいい	2017/4/2 16:44:02
627	116	ミゃくってね	2017/4/2 16:46:15
628	114	はちラ	2017/4/2 16:53:33
629	117	しむ	2017/4/2 16:58:13
630	114	ゆっくりしていってね	2017/4/2 17:04:12
631	118	あーん	2017/4/2 17:13:29
632	116	く	2017/4/2 17:18:34
633	116	おお	2017/4/2 17:18:52
634	116	あ	2017/4/2 17:27:39
635	116	あああ	2017/4/2 17:54:40
636	116	小きみまおお	2017/4/2 17:59:56
637	118	ーげ？	2017/4/2 18:04:34
638	116	まとみだ	2017/4/2 18:18:01
639	118	あ	2017/4/2 18:31:53
640	119	わった	2017/4/2 19:12:55
641	119	てないよ	2017/4/2 19:14:52
642	119	a	2017/4/2 19:16:46
643	117	こただ	2017/4/2 19:24:14
644	120	初音ミカ	2017/4/2 19:25:37
645	120	wwww	2017/4/2 19:34:27
646	120	ああああ	2017/4/2 19:35:08
647	121	まるなか	2017/4/2 19:35:09
648	121	テュ	2017/4/2 19:38:53
649	121	むゃとん	2017/4/2 19:44:07
650	123	黒板	2017/4/2 19:58:30
651	124	うまちにい	2017/4/2 20:03:15
652	123	いいいれ	2017/4/2 20:13:18
653	123	aっっゆれ	2017/4/2 20:18:29
654	123	き	2017/4/2 20:32:07
655	124	これとつる	2017/4/2 20:39:01
656	125	あいうえお	2017/4/2 20:44:51
657	125	おういうい	2017/4/2 20:48:19
658	125	えらぁ	2017/4/2 20:53:00
659	125	菅	2017/4/2 20:57:01
660	125	四次元	2017/4/2 20:59:20
661	122	ああ	2017/4/2 21:06:57
662	126	ゆっくり	2017/4/2 21:09:18
663	126	クロニはなー。ー！	2017/4/2 21:20:53
664	126	フィの無ルポ	2017/4/2 21:25:01
665	122	あああああ	2017/4/2 21:26:45
666	124	あ	2017/4/2 21:36:36
667	126	くっ見	2017/4/2 21:38:23
668	126	だに断る	2017/4/2 21:49:59
669	127	Mでれ	2017/4/2 22:00:48
670	127	おんかす	2017/4/2 22:01:29
671	124	ソーー	2017/4/2 22:02:06
672	127	おお	2017/4/2 22:06:42
673	127	クーー	2017/4/2 22:08:59
674	127	プリッス	2017/4/2 22:16:08
675	127	お	2017/4/2 22:18:36
676	128	ミク	2017/4/2 22:20:41
677	128	あミ解ク	2017/4/2 22:22:52
678	129	てっくりーーーーーーーーーーーーーーーーーーーーーーーーーーかーーーーーーーー	2017/4/2 22:28:06
679	128	あいわいら	2017/4/2 22:28:12
680	130	え	2017/4/2 22:35:04
681	128	あかああいかいもああいあいあいあ	2017/4/2 22:36:55
682	129	みく	2017/4/2 22:40:34
683	128	めんこんんどんどうんす…	2017/4/2 22:42:09
684	130	♂ちを	2017/4/2 22:44:20
685	130	ちちね	2017/4/2 22:46:40
686	128	き(0青	2017/4/2 22:47:18
687	130	もわい	2017/4/2 22:48:07
688	129	ああああー	2017/4/2 22:54:21
689	131	プリン	2017/4/2 22:57:11
690	131	いってみお	2017/4/2 22:57:48
691	131	ええ？	2017/4/2 23:02:10
692	131	クーーオラオー	2017/4/2 23:02:55
693	131	黒板	2017/4/2 23:03:52
694	131	他	2017/4/2 23:04:40
695	128	ミゃくってね	2017/4/2 23:06:20
696	129	きみく	2017/4/2 23:06:31
697	128	あ	2017/4/2 23:11:01
698	131	？？？？み。	2017/4/2 23:11:01
699	129	もいい	2017/4/2 23:12:22
700	131	らんんや	2017/4/2 23:17:42
701	132	バャン	2017/4/2 23:19:16
702	132	コラールフ	2017/4/2 23:32:27
703	133	ああああああああああああああああああああああああああああ	2017/4/2 23:33:00
704	132	黒板	2017/4/2 23:38:19
705	134	あ	2017/4/2 23:41:13
706	134	a！	2017/4/2 23:43:08
707	133	なに	2017/4/2 23:58:19
708	133	すち	2017/4/3 0:04:19
709	133	2I開1	2017/4/3 0:04:32
710	134	みく	2017/4/3 0:09:12
711	133	プaに	2017/4/3 0:14:47
712	135	うお	2017/4/3 0:20:06
713	132	ん？	2017/4/3 0:23:05
714	136	おあ	2017/4/3 0:35:07
715	135	あんも	2017/4/3 0:46:00
716	132	?	2017/4/3 1:13:31
717	135	ううつういっさこ	2017/4/3 1:17:30
718	132	れ	2017/4/3 1:29:36
719	132	く	2017/4/3 1:31:00
720	135	黒板	2017/4/3 2:15:11
721	136	初音ミー	2017/4/3 2:15:58
722	137	あ	2017/4/3 2:30:06
723	136	プンウンオン	2017/4/3 2:30:12
724	138	はろー	2017/4/3 2:54:50
725	139	みねみく	2017/4/3 3:00:17
726	139	かだろ	2017/4/3 3:02:22
727	138	あーあよ	2017/4/3 3:23:12
728	139	あああ	2017/4/3 3:30:24
729	140	ゆっくりしていってね	2017/4/3 3:30:34
730	139	おいゆ	2017/4/3 3:31:15
731	139	！ｗｗｗｗｗｗ	2017/4/3 3:38:56
732	138	らんいえ	2017/4/3 3:55:46
733	140	ミクミク	2017/4/3 3:56:40
734	141	ゆっくり	2017/4/3 4:01:17
735	141	あ	2017/4/3 4:07:11
736	142	ああああ	2017/4/3 4:15:35
737	138	黒板	2017/4/3 4:22:14
738	143	すマラィンナ	2017/4/3 4:23:23
739	142	クマー	2017/4/3 4:23:37
740	144	あ	2017/4/3 4:26:40
741	143	みくみく	2017/4/3 4:28:14
742	143	あ	2017/4/3 4:32:11
743	143	ばきす	2017/4/3 4:32:34
744	143	あ	2017/4/3 4:32:40
745	143	ねひういい	2017/4/3 4:33:17
746	143	しｄ	2017/4/3 4:34:20
747	145	きおおおおお	2017/4/3 4:35:55
748	145	僕ｔａａeｇｆｇｇぽあぉ	2017/4/3 4:36:22
749	145	まんい	2017/4/3 4:37:19
750	145	つるけね	2017/4/3 4:38:47
751	145	qeKUcミhあ	2017/4/3 4:47:43
752	145	黒板	2017/4/3 4:48:33
753	146	れ	2017/4/3 4:53:35
754	146	黒板	2017/4/3 4:54:58
755	146	黒板	2017/4/3 4:55:39
756	146	ゆっくり	2017/4/3 4:56:54
757	146	ーげ？	2017/4/3 4:59:27
758	146	だが断る	2017/4/3 5:04:01
759	147	あああああああああ	2017/4/3 5:07:27
760	138	ににだ	2017/4/3 5:08:53
761	147	でらささ考	2017/4/3 5:09:11
762	147	！？	2017/4/3 5:13:13
763	147	わんなにはな	2017/4/3 5:14:43
764	148	やんよのなうとそとたなお	2017/4/3 5:26:04
765	138	プリン	2017/4/3 5:35:53
766	148	おー	2017/4/3 5:36:11
767	149	？にこっゅね	2017/4/3 5:46:34
768	149	ええええええええ	2017/4/3 5:47:34
769	149	こわらわにた	2017/4/3 5:50:11
770	144	あ	2017/4/3 5:51:16
771	149	ク？	2017/4/3 5:59:19
772	149	まふだ	2017/4/3 6:01:34
773	149	みくみく	2017/4/3 6:06:00
774	150	あ	2017/4/3 6:21:18
775	148	。ゃなと	2017/4/3 6:27:07
776	150	うのｗｗｗ	2017/4/3 6:30:54
777	151	ちゅく	2017/4/3 6:40:01
778	151	あああ	2017/4/3 7:06:47
779	148	ーー	2017/4/3 7:08:13
780	150	机	2017/4/3 7:09:27
781	148	!マ	2017/4/3 7:18:57
782	148	えええ	2017/4/3 8:01:15
783	150	四次元	2017/4/3 8:12:46
784	152	？？	2017/4/3 8:16:30
785	152	ああ	2017/4/3 8:20:35
786	152	みくみく	2017/4/3 8:20:37
787	152	にっす	2017/4/3 8:26:45
788	151	黒板	2017/4/3 8:42:50
789	153	なみん	2017/4/3 8:43:41
790	151	ええ	2017/4/3 8:43:47
791	154	黒板	2017/4/3 8:43:51
792	156	黒板	2017/4/3 9:00:51
793	156	ああああああああああ	2017/4/3 9:06:18
794	153	黒板	2017/4/3 9:09:03
795	156	ゆっくく	2017/4/3 9:10:22
796	156	だかこれ	2017/4/3 9:13:58
797	156	晴っくる	2017/4/3 9:14:37
798	156	7ッー	2017/4/3 9:14:51
799	155	あ	2017/4/3 9:15:47
800	156	みく	2017/4/3 9:16:42
801	156	？？	2017/4/3 9:19:47
802	156	いお	2017/4/3 9:21:23
803	155	晴っくる	2017/4/3 9:23:41
804	155	ぱバンレン	2017/4/3 9:26:33
805	155	おい	2017/4/3 9:34:20
806	153	あいわいいいんぞ？	2017/4/3 9:43:39
807	155	え？	2017/4/3 9:48:53
808	158	aっっゆれ	2017/4/3 9:52:45
809	158	初音ミー	2017/4/3 10:01:39
810	158	あ	2017/4/3 10:06:33
811	158	いすｄ	2017/4/3 10:10:53
812	158	いお	2017/4/3 10:12:02
813	157	2６ラ	2017/4/3 10:15:23
814	158	　こみち	2017/4/3 10:16:14
815	158	おき	2017/4/3 10:17:53
816	158	こ	2017/4/3 10:18:59
817	153	え	2017/4/3 10:19:22
818	153	あすなー	2017/4/3 10:19:51
819	159	なが断る	2017/4/3 10:26:30
820	153	ねぁひ	2017/4/3 10:39:42
821	159	末	2017/4/3 10:51:01
822	159	あー	2017/4/3 11:02:04
823	159	みくみくみく	2017/4/3 11:14:45
824	159	ぼ☆だ	2017/4/3 11:14:47
825	161	だがくる	2017/4/3 11:30:49
826	160	ボカマン	2017/4/3 11:42:32
827	157	初音ミク	2017/4/3 11:44:59
828	160	黒板	2017/4/3 11:48:21
829	162	ええええ	2017/4/3 11:51:21
830	162	2h	2017/4/3 11:52:04
831	162	ゆっくり	2017/4/3 11:52:23
832	162	あいあい	2017/4/3 11:53:53
833	161	あんあんあらぼこよー？	2017/4/3 11:57:46
834	162	なんな	2017/4/3 11:58:54
835	162	くんだ	2017/4/3 11:59:07
836	162	ねマンwww	2017/4/3 11:59:48
837	163	ゆっくり	2017/4/3 11:59:55
838	162	すんやり	2017/4/3 12:01:22
839	163	机	2017/4/3 12:01:26
840	162	黒板	2017/4/3 12:02:43
841	163	だが断がれ	2017/4/3 12:13:57
842	165	んちゅね	2017/4/3 12:15:18
843	165	ど	2017/4/3 12:15:39
844	164	テーマス	2017/4/3 12:26:24
845	165	てくくしてらがしてやんんw	2017/4/3 12:36:06
846	165	こわれちてことむ	2017/4/3 13:09:54
847	166	みく	2017/4/3 13:21:10
848	166	ゆっくり	2017/4/3 13:22:50
849	166	いはばけったじすすと	2017/4/3 13:26:46
850	166	あ	2017/4/3 13:28:38
851	164	ぼまなよ	2017/4/3 13:30:11
852	165	ど	2017/4/3 13:33:58
853	167	ん？	2017/4/3 13:47:36
854	167	なにこれー	2017/4/3 13:57:40
855	167	れいし	2017/4/3 14:00:37
856	164	あ	2017/4/3 14:34:36
857	165	ゆっくりしていってね	2017/4/3 14:35:15
858	168	ｗｗｗｗ	2017/4/3 14:35:45
859	168	らあ	2017/4/3 14:42:15
860	164	プcゅん	2017/4/3 14:43:29
861	169	すー	2017/4/3 14:47:10
862	169	黒板	2017/4/3 14:48:14
863	169	かまこかだ	2017/4/3 14:51:34
864	168	黒板	2017/4/3 14:56:01
865	168	どきちろ	2017/4/3 14:56:36
866	168	黒板	2017/4/3 15:01:39
867	169	コ駄割って、だれをな	2017/4/3 15:02:28
868	168	みくみく	2017/4/3 15:03:07
869	168	みくみく	2017/4/3 15:04:20
870	168	(vhnｧ[)？	2017/4/3 15:05:12
871	170	みくみくみくみく	2017/4/3 15:07:27
872	168	あ	2017/4/3 15:07:32
873	171	ええええ	2017/4/3 15:08:14
874	170	あ	2017/4/3 15:08:34
875	171	プリン	2017/4/3 15:10:21
876	171	こうあけ	2017/4/3 15:11:41
877	171	黒くほ	2017/4/3 15:16:11
878	171	ソーー	2017/4/3 15:19:09
879	171	天つりささい	2017/4/3 15:19:57
880	168	あ	2017/4/3 15:23:10
881	172	あ	2017/4/3 15:24:45
882	168	こんわ	2017/4/3 15:29:56
883	172	うわああんた	2017/4/3 15:30:46
884	168	けいー	2017/4/3 15:31:37
885	172	あいうええ	2017/4/3 15:33:36
886	172	ボカマン	2017/4/3 15:36:23
887	172	みくみく	2017/4/3 15:37:49
888	175	ゆっくり	2017/4/3 15:43:45
889	174	こ	2017/4/3 15:48:46
890	173	みた	2017/4/3 15:56:21
891	174	ええええ	2017/4/3 16:14:48
892	176	黒板	2017/4/3 16:26:11
893	176	聞うむすゃる	2017/4/3 16:27:38
894	174	き？	2017/4/3 16:34:23
895	173	こんにこれ	2017/4/3 16:34:48
896	177	まんでどとくん	2017/4/3 16:35:47
897	177	な	2017/4/3 16:46:49
898	177	だが断	2017/4/3 16:47:45
899	177	はー	2017/4/3 16:58:54
900	177	おおおおおお	2017/4/3 17:00:13
901	177	クト	2017/4/3 17:01:23
902	178	あるだごー	2017/4/3 17:04:52
903	173	aa	2017/4/3 17:12:26
904	179	あア・	2017/4/3 17:13:13
905	178	しょいーー	2017/4/3 17:14:49
906	179	ゆっくり	2017/4/3 17:19:05
907	179	ｋe	2017/4/3 17:29:58
908	179	プカブ	2017/4/3 17:38:22
909	173	おおおおおお	2017/4/3 17:43:50
910	178	プリン	2017/4/3 17:59:26
911	180	はろー	2017/4/3 18:01:29
912	180	ん？	2017/4/3 18:03:50
913	180	らょばさ	2017/4/3 18:07:19
914	181	ひゃるらこつんsエゥeコッピトコ	2017/4/3 18:09:04
915	181	れふな↑	2017/4/3 18:09:20
916	181	ゆっくり事だな！	2017/4/3 18:09:33
917	181	こ	2017/4/3 18:10:45
918	181	おいwwwwwwwww	2017/4/3 18:13:17
919	181	あいいえ	2017/4/3 18:14:21
920	181	ミクミク	2017/4/3 18:15:06
921	180	だるにだつつ	2017/4/3 18:16:31
922	181	あれ	2017/4/3 18:17:04
923	182	どいすい	2017/4/3 18:22:24
924	184	わ	2017/4/3 18:25:48
925	182	だるにだつつ	2017/4/3 18:30:53
926	182	kがさ	2017/4/3 18:32:40
927	183	黒板	2017/4/3 18:32:46
928	183	だんだな	2017/4/3 18:41:59
929	185	みくみく	2017/4/3 18:49:09
930	184	黒板	2017/4/3 18:53:52
931	184	しちき	2017/4/3 19:06:14
932	185	ちょあゆっりり	2017/4/3 19:12:33
933	183	あ	2017/4/3 19:12:39
934	184	なんこおお	2017/4/3 19:13:02
935	184	ににけろ	2017/4/3 19:15:06
936	187	む	2017/4/3 19:23:31
937	187	うおみいうしまたいす	2017/4/3 19:25:01
938	187	2ch	2017/4/3 19:26:22
939	185	ミク	2017/4/3 19:32:24
940	188	なまちゅす	2017/4/3 19:40:21
941	186	みくみくみくみく	2017/4/3 19:43:07
942	186	はなっひー	2017/4/3 19:43:53
943	187	ぬげえ	2017/4/3 19:49:52
944	189	あああ	2017/4/3 19:52:07
945	189	どろいた？	2017/4/3 19:56:54
946	188	あ	2017/4/3 20:01:49
947	189	ゆっくりりでいよ	2017/4/3 20:07:17
948	188	さ…	2017/4/3 20:08:55
949	188	初音ミク	2017/4/3 20:10:25
950	188	あ	2017/4/3 20:10:33
951	188	ああ	2017/4/3 20:18:13
952	188	初音ミク	2017/4/3 20:18:47
953	188	黒ゃっくり	2017/4/3 20:21:28
954	188	黒板	2017/4/3 20:22:18
955	190	あ	2017/4/3 20:23:17
956	188	なのゥン巻ワルジダトの上まれはだかざってく声のだーで近獣あれの前…ッかー	2017/4/3 20:24:33
957	190	こげういう	2017/4/3 20:26:47
958	188	やん	2017/4/3 20:29:12
959	189	あああああい	2017/4/3 20:29:32
960	190	どう…	2017/4/3 20:33:51
961	191	オラミよオク	2017/4/3 20:35:28
962	189	ね	2017/4/3 20:36:06
963	191	あ	2017/4/3 20:36:54
964	191	これに日はふく	2017/4/3 20:37:11
965	189	黒板	2017/4/3 20:37:11
966	191	はにえ	2017/4/3 20:38:42
967	189	黒板	2017/4/3 20:39:17
968	189	初音ミク	2017/4/3 20:39:35
969	190	いいいい	2017/4/3 20:39:49
970	189	どう	2017/4/3 20:41:46
971	191	はろー	2017/4/3 20:48:41
972	191	？？	2017/4/3 20:54:54
973	194	みくー	2017/4/3 20:55:43
974	194	プリン	2017/4/3 20:57:14
975	194	は！	2017/4/3 20:57:31
976	194	あいうえお	2017/4/3 21:01:01
977	194	ははははははははだへ	2017/4/3 21:07:45
978	194	撃ご	2017/4/3 21:08:03
979	192	あああ	2017/4/3 21:08:55
980	194	だが断る	2017/4/3 21:12:29
981	193	ゆった	2017/4/3 21:13:55
982	194	？？？？み。	2017/4/3 21:14:20
983	195	みく	2017/4/3 21:16:09
984	195	わった	2017/4/3 21:16:52
985	195	すーー？	2017/4/3 21:18:13
986	195	あいいえ	2017/4/3 21:22:01
987	195	う	2017/4/3 21:25:51
988	195	あ	2017/4/3 21:27:02
989	195	こいにこれ	2017/4/3 21:30:20
990	195	あ	2017/4/3 21:30:53
991	195	だが断る	2017/4/3 21:31:14
992	193	みく	2017/4/3 21:37:11
993	196	ああああ	2017/4/3 21:38:29
994	196	えええええ	2017/4/3 21:40:31
995	193	ゆっくり	2017/4/3 21:40:59
996	196	「んなろ	2017/4/3 21:47:19
997	197	しクみどんい	2017/4/3 21:51:47
998	198	黒板	2017/4/3 22:00:05
999	198	てえお	2017/4/3 22:03:32
1000	198	ぶ	2017/4/3 22:07:57
1001	198	机	2017/4/3 22:10:41
1002	199	みく	2017/4/3 22:19:58
1003	199	そんしかいる	2017/4/3 22:24:49
1004	199	ゆやだーかーーーーーー！？みーーーーーーーーーーーーーーーーーーーーーー	2017/4/3 22:32:34
1005	200	おおおおおお	2017/4/3 22:37:59
1006	192	ミルオラ	2017/4/3 22:50:11
1007	200	っこみもーーーーーーーーーーーーーーーーーーーーーーーーーーーーーーーーーーーーーーーーーーーーーーーーーーーーーー！ーーー	2017/4/3 22:50:52
1008	197	はちみにひ	2017/4/3 22:58:05
1009	200	みくみく	2017/4/3 23:07:40
1010	197	ゆっくりしていってねい？	2017/4/3 23:10:06
1011	200	ああ	2017/4/3 23:15:35
1012	192	キリhwwwwwwwww	2017/4/3 23:22:56
1013	192	あいさいとなお	2017/4/3 23:24:37
1014	192	いわ	2017/4/3 23:34:24
1015	202	ル駄	2017/4/3 23:50:16
1016	202	ミク	2017/4/3 23:50:57
1017	202	ああああ	2017/4/3 23:54:42
1018	202	＠a	2017/4/3 23:56:16
1019	202	ゆっくり	2017/4/3 23:56:52
1020	202	だが断る	2017/4/3 23:57:00
1021	203	い	2017/4/4 0:06:18
1022	203	あ	2017/4/4 0:06:47
1023	203	みくみくみく	2017/4/4 0:09:14
1024	197	おい	2017/4/4 0:11:54
1025	203	みく	2017/4/4 0:14:52
1026	201	こ	2017/4/4 0:15:01
1027	203	あw	2017/4/4 0:16:32
1028	203	黒板	2017/4/4 0:18:53
1029	203	らあ	2017/4/4 0:23:50
1030	203	テマ	2017/4/4 0:24:31
1031	204	くけん	2017/4/4 0:33:38
1032	197	しころ	2017/4/4 0:42:19
1033	204	おい	2017/4/4 0:57:57
1034	205	みくみく	2017/4/4 1:10:31
1035	201	遠ーｗｗｗｗｗｗ	2017/4/4 1:23:09
1036	201	黒板	2017/4/4 1:28:29
1037	205	てつ	2017/4/4 1:29:00
1038	205	飛つみっねみね	2017/4/4 1:31:15
1039	206	クーー	2017/4/4 1:32:15
1040	206	いんろん	2017/4/4 1:35:19
1041	205	！？	2017/4/4 1:44:21
1042	207	ああああ	2017/4/4 1:52:36
1043	207	おお	2017/4/4 1:54:03
1044	208	しょる	2017/4/4 2:23:47
1045	208	白2A	2017/4/4 2:26:44
1046	210	ゆっくっく	2017/4/4 2:27:43
1047	210	ゆけう	2017/4/4 2:36:07
1048	208	ばきす	2017/4/4 2:40:12
1049	208	ぶ	2017/4/4 2:42:35
1050	209	まんなきかんたええええええ！むかう	2017/4/4 2:46:32
1051	209	あああああ	2017/4/4 2:46:49
1052	208	テ	2017/4/4 2:48:06
1053	209	ボカマン	2017/4/4 2:54:29
1054	211	プカオラ	2017/4/4 2:55:45
1055	211	はいうしあいしそ	2017/4/4 3:02:07
1056	209	みく	2017/4/4 3:12:53
1057	209	かわい	2017/4/4 3:19:22
1058	210	ゆっくり	2017/4/4 3:32:12
1059	211	だが断がる	2017/4/4 3:37:10
1060	211	ゆっくりしていっていね	2017/4/4 3:38:56
1061	209	四兄弟	2017/4/4 3:42:33
1062	212	みく	2017/4/4 3:51:26
1063	212	！？	2017/4/4 3:54:00
1064	212	あああああああ	2017/4/4 3:56:00
1065	212	みく	2017/4/4 3:57:20
1066	209	なげてんきよw	2017/4/4 3:58:09
1067	212	あ	2017/4/4 3:59:06
1068	212	こんにちま	2017/4/4 4:00:10
1069	212	ぅ用カ	2017/4/4 4:02:38
1070	212	？	2017/4/4 4:09:12
1071	209	はちゅね	2017/4/4 4:13:51
1072	213	いいき	2017/4/4 4:17:13
1073	213	なにこれ	2017/4/4 4:19:25
1074	213	あああ	2017/4/4 4:21:51
1075	209	もえ	2017/4/4 4:23:45
1076	213	ああああああああああああああああああああ	2017/4/4 4:25:36
1077	213	四次っっっケン	2017/4/4 4:25:53
1078	213	ばゆっくり	2017/4/4 4:26:24
1079	213	ブース	2017/4/4 4:30:08
1080	213	ク?	2017/4/4 4:36:10
1081	215	しいきすい	2017/4/4 4:40:21
1082	215	黒板	2017/4/4 4:41:57
1083	215	黒板	2017/4/4 4:42:07
1084	214	プhdカ	2017/4/4 4:42:30
1085	215	なにゅは	2017/4/4 4:46:40
1086	214	は？	2017/4/4 4:47:14
1087	214	ありん	2017/4/4 4:52:13
1088	215	つい	2017/4/4 4:58:03
1089	214	あ	2017/4/4 5:02:05
1090	214	まゆきく	2017/4/4 5:02:17
1091	214	黒板	2017/4/4 5:02:17
1092	216	みくみく	2017/4/4 5:03:21
1093	216	お	2017/4/4 5:07:53
1094	216	きちる	2017/4/4 5:10:43
1095	216	みくみくみく	2017/4/4 5:13:55
1096	216	ミク	2017/4/4 5:15:03
1097	218	触	2017/4/4 5:15:52
1098	218	はたちゅね	2017/4/4 5:16:10
1099	218	どろね！	2017/4/4 5:16:14
1100	217	いいいれ	2017/4/4 5:19:36
1101	219	ブークのアィックートッッシ	2017/4/4 5:25:29
1102	219	」	2017/4/4 5:26:47
1103	217	あっく	2017/4/4 5:28:37
1104	217	ゆった	2017/4/4 5:30:26
1105	219	あ	2017/4/4 5:36:06
1106	217	プニh	2017/4/4 5:38:18
1107	219	くにこれん	2017/4/4 5:38:53
1108	220	机	2017/4/4 5:40:58
1109	220	ゆっくり	2017/4/4 5:42:43
1110	220	くそぱいん	2017/4/4 5:47:50
1111	220	すんかこ？せど	2017/4/4 5:49:48
1112	220	(vhnｧ[)？	2017/4/4 5:50:19
1113	220	えwwwwwwww	2017/4/4 5:53:26
1114	222	ひぬね	2017/4/4 5:55:07
1115	222	ミク	2017/4/4 6:01:49
1116	221	あ	2017/4/4 6:06:24
1117	222	ねらおいい	2017/4/4 6:14:46
1118	223	聞うむすゃる	2017/4/4 6:14:57
1119	222	てっくりしていってね	2017/4/4 6:17:15
1120	223	あ	2017/4/4 6:19:19
1121	223	うおお	2017/4/4 6:19:23
1122	221	ん？	2017/4/4 6:24:01
1123	223	お	2017/4/4 6:24:26
1124	225	なにこれルナナ	2017/4/4 6:25:51
1125	225	ｗｗｗｗｗｗｗ	2017/4/4 6:26:20
1126	225	ゆっそり	2017/4/4 6:29:46
1127	221	あ	2017/4/4 6:30:23
1128	221	いはばけったじすすと	2017/4/4 6:30:26
1129	221	えええ	2017/4/4 6:30:56
1130	225	みく	2017/4/4 6:33:47
1131	225	はととはっふへ	2017/4/4 6:37:02
1132	227	れふな↑	2017/4/4 6:41:33
1133	226	　とぽ　　ぽ　ぽ　	2017/4/4 6:49:28
1134	226	あ	2017/4/4 6:55:06
1135	227	何がこ	2017/4/4 6:57:35
1136	227	うあああ	2017/4/4 7:00:25
1137	226	あ	2017/4/4 7:09:50
1138	226	ああああああああああああああああああああああああああああああああああああああああああああああ	2017/4/4 7:15:45
1139	226	あああ	2017/4/4 7:19:33
1140	226	ゆっくる	2017/4/4 7:22:19
1141	226	黒板	2017/4/4 7:24:15
1142	226	ゆっくりしていってね	2017/4/4 7:25:40
1143	227	ミク	2017/4/4 7:25:59
1144	227	やまとだ	2017/4/4 7:26:27
1145	227	だが断る	2017/4/4 7:27:19
1146	227	あ	2017/4/4 7:27:59
1147	228	おお	2017/4/4 7:44:19
1148	228	あああ	2017/4/4 7:44:44
1149	228	ぬげえ	2017/4/4 7:47:16
1150	228	あああああああああ	2017/4/4 8:00:04
1151	229	ミーオン	2017/4/4 8:06:37
1152	228	ああ	2017/4/4 8:07:19
1153	228	まー	2017/4/4 8:07:23
1154	230	あ	2017/4/4 8:11:28
1155	230	クース	2017/4/4 8:11:35
1156	230	ゆっくりしていってね	2017/4/4 8:12:21
1157	230	こにこがにな	2017/4/4 8:12:28
1158	230	ああ	2017/4/4 8:12:55
1159	230	だぁこすこしじゃらふよ	2017/4/4 8:19:02
1160	230	みく	2017/4/4 8:21:07
1161	230	ゆっくりしていってね	2017/4/4 8:32:11
1162	229	あ	2017/4/4 8:34:18
1163	230	ん？	2017/4/4 8:37:58
1164	231	ｱ画	2017/4/4 8:40:46
1165	231	いてこわねえ	2017/4/4 8:43:27
1166	232	をのこれ	2017/4/4 8:49:03
1167	232	ら	2017/4/4 8:51:06
1168	232	ないんか	2017/4/4 8:56:03
1169	231	あかびと	2017/4/4 9:03:25
1170	232	だが断る	2017/4/4 9:09:43
1171	229	てんちす	2017/4/4 9:09:47
1172	233	ふ↑	2017/4/4 9:10:39
1173	233	？	2017/4/4 9:12:26
1174	229	すと	2017/4/4 9:45:20
1175	231	みくみくみくみく	2017/4/4 9:46:55
1176	233	黒板	2017/4/4 9:54:28
1177	231	あああああ	2017/4/4 10:02:35
1178	234	ざｇあれらふ	2017/4/4 10:14:22
1179	234	あんわ	2017/4/4 10:14:30
1180	234	黒板	2017/4/4 10:17:22
1181	234	ゆっくり	2017/4/4 10:20:17
1182	234	ｈんろ	2017/4/4 10:23:49
1183	235	あれてけす	2017/4/4 10:26:27
1184	231	う	2017/4/4 10:31:19
1185	235	ああ	2017/4/4 10:31:19
1186	229	テニダー	2017/4/4 10:32:25
1187	235	初次元	2017/4/4 10:37:44
1188	237	ゆっくりしていってね	2017/4/4 10:52:21
1189	236	まいいきては	2017/4/4 10:55:00
1190	237	どけすがなよ	2017/4/4 10:55:36
1191	238	ああああ	2017/4/4 10:58:32
1192	236	みく	2017/4/4 11:04:50
1193	238	えへみた	2017/4/4 11:05:45
1194	238	ここー	2017/4/4 11:06:10
1195	238	なが断る	2017/4/4 11:08:21
1196	237	あいげええ	2017/4/4 11:08:33
1197	238	四石兄弟	2017/4/4 11:08:48
1198	237	はちょれ	2017/4/4 11:09:08
1199	238	にり	2017/4/4 11:11:04
1200	237	ミゃくってね	2017/4/4 11:11:20
1201	236	つされ	2017/4/4 11:13:20
1202	238	みくーー	2017/4/4 11:13:47
1203	237	黒板	2017/4/4 11:23:32
1204	236	黒板	2017/4/4 11:23:41
1205	237	まじちでなうきすす	2017/4/4 11:28:16
1206	236	机	2017/4/4 11:29:24
1207	236	てつぐりむてす	2017/4/4 11:30:52
1208	239	チハ	2017/4/4 11:32:16
1209	239	どうたういな	2017/4/4 11:36:27
1210	239	？	2017/4/4 11:36:56
1211	237	おおおおおおおおおおお	2017/4/4 11:38:08
1212	239	プウンミクみク	2017/4/4 11:38:53
1213	240	いー	2017/4/4 11:40:53
1214	239	コラハナス	2017/4/4 11:44:04
1215	241	ゆっくりしていってね	2017/4/4 11:45:53
1216	240	たー？	2017/4/4 11:45:59
1217	241	＿がっち壁	2017/4/4 11:46:22
1218	242	あ	2017/4/4 11:51:24
1219	241	あこあかこ	2017/4/4 11:52:22
1220	240	こんちちゅってねみみー	2017/4/4 11:53:30
1221	241	黒板	2017/4/4 11:54:18
1222	240	なん	2017/4/4 11:55:15
1223	242	黒板	2017/4/4 11:56:11
1224	241	黒板	2017/4/4 11:58:29
1225	242	af動はf	2017/4/4 11:59:03
1226	240	6床ルルセ)	2017/4/4 12:00:05
1227	243	はにれほ	2017/4/4 12:00:48
1228	241	たてた	2017/4/4 12:03:49
1229	241	Ｓcラ	2017/4/4 12:06:09
1230	243	えええええ	2017/4/4 12:07:00
1231	244	プ.ク	2017/4/4 12:10:44
1232	240	頭お	2017/4/4 12:16:36
1233	244	くんだくん	2017/4/4 12:17:06
1234	245	ゆこると	2017/4/4 12:17:24
1235	240	ゆっくり	2017/4/4 12:17:57
1236	244	こ	2017/4/4 12:18:13
1237	240	あ	2017/4/4 12:18:47
1238	244	なにがなな	2017/4/4 12:19:11
1239	244	ゆっくり	2017/4/4 12:20:15
1240	240	ゆっくりいいいよ	2017/4/4 12:20:57
1241	245	にょわ	2017/4/4 12:24:26
1242	244	ああああ	2017/4/4 12:25:08
1243	245	ろはここれとまこよ？	2017/4/4 12:38:27
1244	247	カマン	2017/4/4 12:40:09
1245	247	おん…ひ	2017/4/4 12:40:40
1246	247	オカ	2017/4/4 12:46:45
1247	245	黒板	2017/4/4 12:47:35
1248	247	レラ2ゅい	2017/4/4 12:47:53
1249	247	ちょつ	2017/4/4 12:50:40
1250	245	黒板	2017/4/4 12:52:16
1251	245	寿人ららってばさ麻！の(権エイル理わあw	2017/4/4 12:54:51
1252	245	なれはか	2017/4/4 12:57:54
1253	246	！マス	2017/4/4 13:08:47
1254	248	あ	2017/4/4 13:09:16
1255	246	ww	2017/4/4 13:10:33
1256	248	ぽル	2017/4/4 13:18:46
1257	249	あ	2017/4/4 13:24:06
1258	249	しょく	2017/4/4 13:25:51
1259	249	ちょう	2017/4/4 13:26:31
1260	251	おい	2017/4/4 13:45:39
1261	250	これに日はふく	2017/4/4 13:46:26
1262	251	？？	2017/4/4 13:47:00
1263	251	黒板	2017/4/4 13:53:50
1264	251	はａａ↓	2017/4/4 13:55:19
1265	251	おーーーしーーーーーーーーー	2017/4/4 13:58:54
1266	251	はじック	2017/4/4 13:59:29
1267	251	ゆっくりしていってね	2017/4/4 13:59:31
1268	252	ぁ？	2017/4/4 14:25:03
1269	248	あ	2017/4/4 14:32:09
1270	252	あああああ	2017/4/4 14:36:20
1271	248	やわった！	2017/4/4 14:41:34
1272	250	ゆっくりよ	2017/4/4 14:47:34
1273	250	流石c弟	2017/4/4 15:08:45
1274	252	黒板	2017/4/4 15:42:55
1275	252	あ	2017/4/4 15:56:21
1276	252	ひ外な	2017/4/4 15:59:10
1277	253	あいうえお	2017/4/4 16:04:49
1278	253	あ	2017/4/4 16:09:15
1279	255	あ	2017/4/4 16:34:38
1280	254	ちく	2017/4/4 16:36:21
1281	254	か？！	2017/4/4 16:38:52
1282	254	クーー	2017/4/4 16:40:01
1283	254	ゆっくり	2017/4/4 16:41:31
1284	254	あ	2017/4/4 16:42:51
1285	256	みみく	2017/4/4 16:48:24
1286	256	おいいいいく	2017/4/4 16:50:54
1287	256	あいうえお	2017/4/4 16:53:40
1288	256	なのゥン巻ワルジダトの上まれはだかざってく声のだーで近獣あれの前…ッかー	2017/4/4 16:53:54
1289	256	あ	2017/4/4 16:56:50
1290	253	みくみこ	2017/4/4 16:58:45
1291	257	黒板	2017/4/4 17:04:37
1292	257	？	2017/4/4 17:09:14
1293	257	カロ4しょってねんどろね	2017/4/4 17:13:42
1294	255	おお	2017/4/4 17:13:54
1295	255	！えええええｗｗ	2017/4/4 17:19:25
1296	258	！えええええｗｗ	2017/4/4 17:20:01
1297	258	あ	2017/4/4 17:20:11
1298	258	ん？	2017/4/4 17:24:21
1299	258	？	2017/4/4 17:26:02
1300	258	はぞにだ	2017/4/4 17:26:35
1301	258	ははこれ	2017/4/4 17:28:24
1302	258	んめえええええ	2017/4/4 17:29:19
1303	258	あくうえ	2017/4/4 17:31:18
1304	258	ああ	2017/4/4 17:31:27
1305	259	ゆっくりしていう！	2017/4/4 17:34:14
1306	260	なんたんw	2017/4/4 17:38:13
1307	260	あきげ	2017/4/4 17:38:30
1308	260	だがちる	2017/4/4 17:45:40
1309	260	あ	2017/4/4 17:46:15
1310	260	え	2017/4/4 17:46:36
1311	260	おおいおい！い	2017/4/4 17:47:21
1312	260	ミク	2017/4/4 17:49:46
1313	259	？	2017/4/4 17:52:20
1314	260	あああああああああああああああ	2017/4/4 17:53:03
1315	260	ゆっくりしていってね	2017/4/4 17:53:45
1316	259	くりすす	2017/4/4 17:56:50
1317	261	こ	2017/4/4 18:07:32
1318	261	あいげええ	2017/4/4 18:07:52
1319	261	黒板	2017/4/4 18:15:54
1320	262	みくみくみくみく	2017/4/4 18:33:50
1321	262	あ	2017/4/4 18:51:57
1322	261	おは＾	2017/4/4 18:56:09
1323	261	わはかん	2017/4/4 19:02:56
1324	262	おおおお	2017/4/4 19:04:57
1325	262	ゆっくり	2017/4/4 19:18:04
1326	262	黒板	2017/4/4 19:28:26
1327	264	にちゅけ	2017/4/4 19:31:30
1328	264	あやう	2017/4/4 19:38:51
1329	264	あううえお	2017/4/4 19:39:41
1330	265	はとににっん	2017/4/4 19:57:22
1331	265	SOｧ	2017/4/4 19:57:51
1332	265	ん	2017/4/4 20:08:33
1333	265	くええ	2017/4/4 20:11:38
1334	265	5イ	2017/4/4 20:15:55
1335	265	おうすていん！	2017/4/4 20:16:18
1336	266	あ	2017/4/4 20:20:16
1337	263	初音ミクラ4元？	2017/4/4 20:20:53
1338	265	プクオン	2017/4/4 20:22:07
1339	265	はちゅね	2017/4/4 20:31:55
1340	266	みくみくみくみく	2017/4/4 20:35:46
1341	267	オリオラ	2017/4/4 20:46:28
1342	267	ゆっくりしていってね	2017/4/4 20:54:08
1343	263	ミー	2017/4/4 20:59:53
1344	267	すんかこ？せど	2017/4/4 21:03:24
1345	268	つ	2017/4/4 21:06:01
1346	268	ああ	2017/4/4 21:09:09
1347	268	クロブート	2017/4/4 21:14:24
1348	266	黒性ｍだ	2017/4/4 21:16:34
1349	268	ん	2017/4/4 21:28:12
1350	268	ゆっくりしていってね	2017/4/4 21:30:36
1351	263	おう	2017/4/4 21:32:12
1352	270	どくくた	2017/4/4 21:57:08
1353	270	けいいしか	2017/4/4 21:57:13
1354	270	あ	2017/4/4 21:58:06
1355	269	じゃいきいるえ	2017/4/4 22:04:20
1356	270	ゆっくりい	2017/4/4 22:06:39
1357	270	へ？	2017/4/4 22:11:31
1358	269	あ	2017/4/4 22:17:02
1359	270	き(0青	2017/4/4 22:20:06
1360	271	日dI	2017/4/4 22:25:14
1361	271	けいおは	2017/4/4 22:29:37
1362	272	ななてなじー	2017/4/4 22:33:53
1363	272	まるなか	2017/4/4 22:34:22
1364	272	まん	2017/4/4 22:34:39
1365	272	初音ミク	2017/4/4 22:36:37
1366	272	黒板	2017/4/4 22:37:42
1367	273	ああああ	2017/4/4 22:38:58
1368	271	ミク	2017/4/4 22:41:40
1369	273	ゆっくり	2017/4/4 22:43:13
1370	273	ええ	2017/4/4 22:44:05
1371	274	はちゅね	2017/4/4 22:45:24
1372	273	なんよーんかた	2017/4/4 22:45:27
1373	272	ええええ	2017/4/4 22:50:19
1374	273	はもがらー	2017/4/4 22:51:11
1375	273	ーげ？	2017/4/4 22:53:43
1376	274	あ	2017/4/4 22:56:03
1377	274	ああああ	2017/4/4 22:56:45
1378	274	だが断る	2017/4/4 22:57:58
1379	275	ん	2017/4/4 22:58:18
1380	275	けいべ	2017/4/4 22:59:40
1381	275	ないんか	2017/4/4 23:02:13
1382	277	だにだれ	2017/4/4 23:13:11
1383	276	！？	2017/4/4 23:15:15
1384	276	みくー	2017/4/4 23:16:29
1385	277	けいべ	2017/4/4 23:17:19
1386	275	くみ☆	2017/4/4 23:19:04
1387	275	ここー	2017/4/4 23:19:55
1388	275	やっく	2017/4/4 23:21:50
1389	275	そおせたんむ	2017/4/4 23:21:51
1390	276	ゆっくり	2017/4/4 23:24:05
1391	279	あ	2017/4/4 23:30:00
1392	279	らわw	2017/4/4 23:36:43
1393	279	おおお	2017/4/4 23:39:09
1394	277	あ	2017/4/4 23:43:46
1395	279	ゆっくりしていってね	2017/4/4 23:45:22
1396	279	？	2017/4/4 23:47:24
1397	278	2ゃだ	2017/4/5 0:00:20
1398	280	しゃい	2017/4/5 0:04:09
1399	277	あ	2017/4/5 0:25:46
1400	280	ブース？	2017/4/5 0:26:52
1401	278	っずわ	2017/4/5 0:32:37
1402	280	ああああああああああ	2017/4/5 0:38:59
1403	277	？ごえ	2017/4/5 1:10:02
1404	278	あってぬむ	2017/4/5 1:16:10
1405	281	2h	2017/4/5 1:17:26
1406	281	くかなにだ	2017/4/5 1:20:15
1407	278	みくみく	2017/4/5 1:20:59
1408	281	。ゃなと	2017/4/5 1:27:06
1409	281	くみく	2017/4/5 1:38:37
1410	282	プレン	2017/4/5 1:39:36
1411	282	あいんーーーーーーー	2017/4/5 1:39:55
1412	282	なれこり	2017/4/5 1:43:36
1413	282	♀	2017/4/5 1:46:12
1414	282	黒板	2017/4/5 1:46:35
1415	282	こ	2017/4/5 1:48:38
1416	281	ろはここれとまこよ？	2017/4/5 1:53:19
1417	283	あくん	2017/4/5 1:59:51
1418	278	みくみく	2017/4/5 2:11:48
1419	278	つん	2017/4/5 2:18:56
1420	283	はみは	2017/4/5 2:22:09
1421	283	え	2017/4/5 2:22:40
1422	283	な	2017/4/5 2:25:51
1423	283	はとににっん	2017/4/5 2:27:52
1424	283	どろん	2017/4/5 2:34:50
1425	284	みっくり	2017/4/5 2:49:23
1426	283	は！	2017/4/5 2:52:22
1427	285	７ーｗｗｗ	2017/4/5 2:56:05
1428	284	ああああああああ	2017/4/5 2:57:53
1429	285	ゆっくり	2017/4/5 3:04:50
1430	285	あいうええ	2017/4/5 3:08:05
1431	285	うれっね	2017/4/5 3:16:28
1432	285	プリン	2017/4/5 3:16:42
1433	284	dch	2017/4/5 3:17:34
1434	285	なひころｗｗ	2017/4/5 3:17:39
1435	286	ね？んうえ	2017/4/5 3:29:04
1436	286	ん	2017/4/5 3:30:29
1437	286	あ	2017/4/5 3:32:12
1438	286	けうww	2017/4/5 3:32:54
1439	286	ゆすててじゃっり	2017/4/5 3:33:13
1440	287	？	2017/4/5 3:36:46
1441	287	黒板	2017/4/5 3:37:06
1442	286	みくみく	2017/4/5 3:40:22
1443	287	ソースー	2017/4/5 4:23:51
1444	288	はなる	2017/4/5 5:09:38
1445	288	ああ	2017/4/5 5:25:09
1446	287	なにこれー	2017/4/5 5:36:51
1447	288	プナ	2017/4/5 6:32:18
1448	288	見ん。	2017/4/5 6:41:39
1449	290	肉	2017/4/5 6:55:57
1450	290	あいわいら	2017/4/5 6:56:33
1451	290	みく	2017/4/5 7:00:10
1452	290	ああああ	2017/4/5 7:03:00
1453	290	あくん	2017/4/5 7:03:20
1454	290	ミク	2017/4/5 7:04:13
1455	290	あ	2017/4/5 7:05:39
1456	290	黒板	2017/4/5 7:07:03
1457	291	だアー	2017/4/5 7:10:37
1458	291	　近だわわいい	2017/4/5 7:16:27
1459	292	ゆっくり	2017/4/5 7:43:58
1460	292	やあれごじじきゃ	2017/4/5 7:45:16
1461	293	プク	2017/4/5 8:00:54
1462	293	机？？	2017/4/5 8:03:49
1463	293	みく	2017/4/5 8:13:48
1464	293	ゆっくり	2017/4/5 8:16:31
1465	293	あああああああああああああ	2017/4/5 8:19:04
1466	293	ゆっくり	2017/4/5 8:22:58
1467	289	ゃいん！	2017/4/5 8:37:23
1468	289	ぬちゅね	2017/4/5 9:15:58
1469	289	カマーーーーーーーオー	2017/4/5 9:19:41
1470	295	ああああああいあうあいあんかう	2017/4/5 9:27:12
1471	295	栗音ミク	2017/4/5 9:34:47
1472	295	四次元	2017/4/5 9:35:19
1473	295	みく	2017/4/5 9:35:48
1474	295	あああああああああああああ	2017/4/5 9:36:49
1475	295	みっくり	2017/4/5 9:37:22
1476	295	んごう	2017/4/5 9:38:45
1477	295	こやにか	2017/4/5 9:52:22
1478	294	蛇セーン？	2017/4/5 10:22:26
1479	294	ゆっくっく	2017/4/5 10:50:15
1480	296	あいうえ	2017/4/5 11:28:14
1481	296	へク？	2017/4/5 11:41:18
1482	296	みがまが	2017/4/5 11:47:56
1483	296	ゆわってねー	2017/4/5 11:55:20
1484	296	ににわ	2017/4/5 12:02:04
1485	296	はぬろ！	2017/4/5 12:06:49
1486	296	ゆっくり	2017/4/5 12:12:03
1487	297	ああああー	2017/4/5 12:27:04
1488	297	ミクみね	2017/4/5 12:27:22
1489	297	え	2017/4/5 12:27:53
1490	297	すり	2017/4/5 12:28:18
1491	297	くお	2017/4/5 12:29:42
1492	298	かいお	2017/4/5 12:46:26
1493	298	けいろ	2017/4/5 12:54:29
1494	299	なめか⁉み？	2017/4/5 13:46:01
1495	299	ゆっくりしていってね	2017/4/5 14:34:02
1496	299	どわこ	2017/4/5 15:17:28
1497	300	黒板	2017/4/5 16:41:47
1498	300	おき越	2017/4/5 16:45:27
1499	300	え	2017/4/5 16:52:03
1500	300	なんしてこだ	2017/4/5 16:54:53
